timestamp,latitude,longitude,zoom,image_path,image_description,image_prompt,image_model,text_assessment,text_prompt,text_model,danger
2026-03-12T15:44:37.313941,55.684,12.5932,20,C:\Users\João Pedro\Documents\Group_M\images\img_lat_55_684000_lon_12_593200_zoom_20.png," The image shows an aerial view of a courtyard with a central structure, likely an important building or monument, surrounded by a pattern of walkways or streets. The central structure is surrounded by a series of geometric shapes, possibly representing a grid or an enclosed area with a specific design. There are no visible signs of vegetation, water bodies, or bodies of water. The ground appears to be made of stone or concrete, with the pattern of the walkways creating a checkerboard or chessboard-like pattern. There are no indications of deforestation, land degradation, or mining activities. The overall scene suggests a well-organized and maintained urban or architectural complex, possibly a historical site given the central structure's design. ","Describe this satellite image. Focus on vegetation, water, roads, bare soil, urban expansion, mining, fire scars, erosion, and visible signs of deforestation or land degradation.
",llava:7b,"{
  ""danger"": ""No"",
  ""confidence"": ""Low"",
  ""summary"": ""The satellite image shows an urban or architectural complex with a central structure and well-maintained walkways, indicating no signs of environmental danger."",
  ""reasons"": [
    ""No visible signs of deforestation or land degradation"",
    ""No indications of mining activities"",
    ""No signs of water bodies or flooding"",
    ""The ground appears to be made of stone or concrete""
  ]
}","You are an environmental risk screening assistant. Your task is to determine whether a satellite image description suggests that the area may be under environmental danger.
Consider signs of deforestation, land degradation, erosion, mining activity, wildfire scars, flooding, drought, water stress, urban encroachment into natural land, and habitat destruction.
Return ONLY valid JSON in this exact structure: {
  ""danger"": ""Yes or No"",
  ""confidence"": ""Low or Medium or High"",
  ""summary"": ""one short paragraph"",
  ""reasons"": [
    ""reason 1"",
    ""reason 2"",
    ""reason 3""
  ]
}
",llama3.2:3b,No
2026-03-12T15:51:54.914532,41.498,64.572,13,C:\Users\João Pedro\Documents\Group_M\images\img_lat_41_498000_lon_64_572000_zoom_13.png," This satellite image shows a vast landscape with various geological and environmental features. Here's a detailed analysis of the elements present in the image:

1. Vegetation: The landscape is covered with a mix of vegetation. There are patches of green vegetation interspersed with brown areas, suggesting a mix of healthy and degraded land.

2. Water: There are numerous bodies of water visible, including lakes or ponds scattered throughout the area, which is indicative of a water-rich landscape.

3. Roads: There are multiple roads or pathways that crisscross the area, connecting different parts of the landscape.

4. Bare Soil: Areas of bare soil are visible, possibly indicating recent or ongoing land degradation.

5. Urban Expansion: There are signs of urban expansion, with what appears to be a city or town growing around the central part of the image.

6. Mining: Large open pits indicative of mining activities are present in the center of the image.

7. Fire Scars: There are several areas of land with scarred vegetation, which might suggest recent or past fires.

8. Erosion: The landscape shows signs of erosion, with visible changes in soil texture and the displacement of vegetation.

9. Visible Signs of Deforestation or Land Degradation: The areas with scarred vegetation and bare soil could indicate deforestation or significant land degradation.

The image provides a comprehensive view of a landscape that is undergoing significant human influence, with mining activities, urban expansion, and signs of deforestation or land degradation. The presence of water bodies suggests that the area might be rich in resources, potentially contributing to its development and environmental changes. ","Describe this satellite image. Focus on vegetation, water, roads, bare soil, urban expansion, mining, fire scars, erosion, and visible signs of deforestation or land degradation.
",llava:7b,"{
  ""danger"": ""Yes"",
  ""confidence"": ""High"",
  ""summary"": ""The satellite image reveals signs of significant environmental danger, including deforestation, land degradation, mining activities, urban expansion, and erosion, which indicate a high level of human impact on the landscape."",
  ""reasons"": [
    ""Deforestation and land degradation are evident due to the presence of bare soil and scarred vegetation."",
    ""Mining activities are visible in the center of the image, indicating a significant impact on the environment."",
    ""Urban expansion is evident, with a growing city or town around the central part of the image, leading to increased human activity and environmental degradation."",
    ""Erosion is visible, with changes in soil texture and displaced vegetation, suggesting a lack of natural stability in the landscape.""
  ]
}","You are an environmental risk screening assistant. Your task is to determine whether a satellite image description suggests that the area may be under environmental danger.
Consider signs of deforestation, land degradation, erosion, mining activity, wildfire scars, flooding, drought, water stress, urban encroachment into natural land, and habitat destruction.
Return ONLY valid JSON in this exact structure: {
  ""danger"": ""Yes or No"",
  ""confidence"": ""Low or Medium or High"",
  ""summary"": ""one short paragraph"",
  ""reasons"": [
    ""reason 1"",
    ""reason 2"",
    ""reason 3""
  ]
}
",llama3.2:3b,Yes
2026-03-12T16:04:25.495537,41.4988,64.572,12,C:\Users\João Pedro\Documents\Group_M\images\img_lat_41_498800_lon_64_572000_zoom_12.png," The image shows a satellite view of a landscape with a combination of natural and human-made features. There is a large area of barren ground in the center, which appears to be a mining site or a mining-affected area, given the presence of what seem to be waste piles and structures that could be associated with mining operations. There are also large piles of debris or possibly a stockpile of some sort on the left side of the image.

The surrounding landscape is mostly arid with sparse vegetation, which is typical of desert environments. There are no visible signs of deforestation or land degradation.

On the right side, there are patches of greenery which might indicate vegetation growth around the mining site or a more stable area. There are also several roads or pathways that traverse the landscape, and these roads appear to be paved or well-trodden.

In the background, there are mountains, and on the left side, there's a body of water that could be a lake or a water body. There are also some structures that could be residential buildings or industrial facilities near the mining site.

There are no visible signs of fire scars or urban expansion in this image. The overall impression is of a vast, open landscape dominated by mining activities. ","Describe this satellite image. Focus on vegetation, water, roads, bare soil, urban expansion, mining, fire scars, erosion, and visible signs of deforestation or land degradation.
",llava:7b,"{
  ""danger"": ""Yes"",
  ""confidence"": ""High"",
  ""summary"": ""The image depicts a mining site with signs of past or ongoing activities, such as waste piles and structures that could be associated with mining operations. The presence of paved roads and residential structures nearby also suggests that the area is being used for industrial purposes."",
  ""reasons"": [
    ""Presence of waste piles and structures that could be associated with mining operations"",
    ""Presence of paved roads and residential structures nearby""
  ]
}","You are an environmental risk screening assistant. Your task is to determine whether a satellite image description suggests that the area may be under environmental danger.
Consider signs of deforestation, land degradation, erosion, mining activity, wildfire scars, flooding, drought, water stress, urban encroachment into natural land, and habitat destruction.
Return ONLY valid JSON in this exact structure: {
  ""danger"": ""Yes or No"",
  ""confidence"": ""Low or Medium or High"",
  ""summary"": ""one short paragraph"",
  ""reasons"": [
    ""reason 1"",
    ""reason 2"",
    ""reason 3""
  ]
}
",llama3.2:3b,Yes
2026-03-12T16:15:29.549898,41.5088,64.19,10,C:\Users\João Pedro\Documents\Group_M\images\img_lat_41_508800_lon_64_190000_zoom_10.png," This image appears to be a satellite image of a desert landscape. The visible features include:

1. Vegetation: There is minimal vegetation throughout the scene, indicating a desert environment.

2. Water: There are no visible water bodies, which is consistent with the typical arid conditions of a desert.

3. Roads: There are no clear indications of roads or infrastructure within the image.

4. Bare Soil: The landscape is predominantly composed of sandy and rocky terrain, typical of a desert.

5. Urban Expansion: There are no signs of urban development or city areas.

6. Mining: There are no visible signs of mining activities.

7. Fire Scars: There are no signs of fire scars in the image.

8. Erosion: The terrain shows natural erosion patterns, with the erosion of the land visible in some areas.

9. Deforestation/Land Degradation: There are no signs of deforestation or land degradation in this specific area.

The image provides a clear view of the desert landscape, but without additional context or details, it's difficult to make more specific observations. ","Describe this satellite image. Focus on vegetation, water, roads, bare soil, urban expansion, mining, fire scars, erosion, and visible signs of deforestation or land degradation.
",llava:7b,"{
  ""danger"": ""No"",
  ""confidence"": ""Low"",
  ""summary"": ""The satellite image does not suggest any immediate environmental danger, but does show natural erosion patterns typical of a desert environment."",
  ""reasons"": [
    ""No signs of deforestation, land degradation, or mining activities."",
    ""Natural erosion patterns are present, but not indicative of human-induced damage."",
    ""The lack of visible water bodies and urban expansion supports the desert environment.""
  ]
}","You are an environmental risk screening assistant. Your task is to determine whether a satellite image description suggests that the area may be under environmental danger.
Consider signs of deforestation, land degradation, erosion, mining activity, wildfire scars, flooding, drought, water stress, urban encroachment into natural land, and habitat destruction.
Return ONLY valid JSON in this exact structure: {
  ""danger"": ""Yes or No"",
  ""confidence"": ""Low or Medium or High"",
  ""summary"": ""one short paragraph"",
  ""reasons"": [
    ""reason 1"",
    ""reason 2"",
    ""reason 3""
  ]
}
",llama3.2:3b,No
2026-03-12T18:04:35.235417,-3.4653,-62.2159,10,C:\Users\anton\OneDrive - Nova SBE\Nova\S2\Advanced Programming\AP_GP\Group_M\images\img_lat_m3_465300_lon_m62_215900_zoom_10.png," This is an aerial image of what appears to be a large area of natural landscape, which includes various elements such as vegetation, water bodies, roads, bare soil, urban areas, mining sites, and fire scars. The image shows dense green forested areas that are indicative of healthy vegetation. There are patches where the forest is less dense, which could be due to deforestation or land degradation caused by human activities such as agriculture or mining. Water bodies can be seen interspersed throughout the landscape, some possibly being natural bodies and others man-made reservoirs.

There are roads crisscrossing through the area, indicating a developed infrastructure for transportation or resource extraction. The presence of bare soil could be due to natural processes like erosion or human activities such as deforestation or land clearance for agriculture. Urban areas with dense buildings and structures suggest human settlements and expansion into the surrounding environment. There are areas where mining is taking place, which can lead to land degradation and scarring on the landscape.

Fire scars can be identified by the brownish patches within the forested areas, likely caused by wildfires. The presence of these fire-scarred zones indicates that this region has experienced fires in the past. The overall condition of the vegetation varies across the image, suggesting a diverse ecosystem with different stages of growth and recovery.

The image provides a comprehensive view of the land use patterns within this region, highlighting areas where human activities are more concentrated and contrasting them with more pristine natural environments. It serves as a visual record of the interactions between humans and nature in this particular landscape. ","Describe this satellite image. Focus on vegetation, water, roads, bare soil, urban expansion, mining, fire scars, erosion, and visible signs of deforestation or land degradation.
",llava:7b,"{
  ""danger"": ""Yes"",
  ""confidence"": ""High"",
  ""summary"": ""The satellite image suggests that the area is under environmental danger due to signs of deforestation, land degradation, mining activity, wildfire scars, and urban encroachment into natural land."",
  ""reasons"": [
    ""Deforestation or land degradation caused by human activities such as agriculture or mining"",
    ""Presence of fire-scarred zones indicating past wildfires"",
    ""Urban areas with dense buildings and structures expanding into the surrounding environment""
  ]
}","You are an environmental risk screening assistant. Your task is to determine whether a satellite image description suggests that the area may be under environmental danger.
Consider signs of deforestation, land degradation, erosion, mining activity, wildfire scars, flooding, drought, water stress, urban encroachment into natural land, and habitat destruction.
Return ONLY valid JSON in this exact structure: {
  ""danger"": ""Yes or No"",
  ""confidence"": ""Low or Medium or High"",
  ""summary"": ""one short paragraph"",
  ""reasons"": [
    ""reason 1"",
    ""reason 2"",
    ""reason 3""
  ]
}
",llama3.2:3b,Yes
